subject	subject_label
MONDO:0008406	autosomal recessive Emery-Dreifuss muscular dystrophy
MONDO:0009043	generalized resistance to thyroid hormone
MONDO:0013742	familial mesial temporal lobe epilepsy with febrile seizures
MONDO:0014013	maternal riboflavin deficiency
MONDO:0015051	tubular duplication of the esophagus
MONDO:0015082	alopecia antibody deficiency
MONDO:0015083	nuclear oculomotor paralysis
MONDO:0015093	sub-cortical nodular heterotopia
MONDO:0015099	unilateral hemispheric polymicrogyria
MONDO:0015102	non-secreting chemodectoma
MONDO:0015109	congenital anomaly of the mitral subvalvular apparatus
MONDO:0015126	polyendocrinopathy
MONDO:0015130	acquired chronic primary adrenal insufficiency
MONDO:0015132	immunodeficiency predominantly affecting antibody production
MONDO:0015133	quantitative and/or qualitative congenital phagocyte defect
MONDO:0015135	primary immunodeficiency due to a genetic defect in innate immunity
MONDO:0015145	neurovascular malformation
MONDO:0015148	lissencephaly type 3
MONDO:0015160	multiple congenital anomalies/dysmorphic syndrome-variable intellectual disability syndrome
MONDO:0015161	multiple congenital anomalies/dysmorphic syndrome without intellectual disability
MONDO:0015166	acute myeloid leukemia with t(8;21)(q22;q22) translocation
MONDO:0015178	congenital intestinal transport defect
MONDO:0015182	congenital enteropathy involving intestinal mucosa development
MONDO:0015191	myopathic intestinal pseudoobstruction
MONDO:0015207	non-syndromic esophageal malformation
MONDO:0015209	non-syndromic gastroduodenal malformation
MONDO:0015211	non-syndromic intestinal malformation
MONDO:0015213	non-syndromic visceral malformation
MONDO:0015215	non-syndromic diaphragmatic or abdominal wall malformation
MONDO:0015217	non-syndromic developmental defect of the eye
MONDO:0015219	non-syndromic central nervous system malformation
MONDO:0015221	non-syndromic respiratory or mediastinal malformation
MONDO:0015227	non-syndromic limb malformation
MONDO:0015256	blepharoptosis-cleft palate-ectrodactyly-dental anomalies syndrome
MONDO:0015289	infectious epithelial keratitis
MONDO:0015292	endotheliitis
MONDO:0015327	developmental anomaly of metabolic origin
MONDO:0015337	isolated craniosynostosis
MONDO:0015344	idiopathic acute transverse myelitis
MONDO:0015348	leukoencephalopathy with bilateral anterior temporal lobe cysts
MONDO:0015381	commissural lip fistula
MONDO:0015382	lower lip fistula
MONDO:0015383	cervicofacial fibrochondroma
MONDO:0015384	digestive duplication cyst of the tongue
MONDO:0015385	external auditory canal aplasia/hypoplasia
MONDO:0015387	nasolacrimal duct cyst
MONDO:0015393	nasal ganglioglioma
MONDO:0015400	frontonasal arteriovenous malformation
MONDO:0015410	nasal dorsum fistula/cyst
MONDO:0015412	median facial cleft
MONDO:0015413	median cleft of the upper lip and maxilla
MONDO:0015415	oblique facial cleft
MONDO:0015416	Tessier number 5 facial cleft
MONDO:0015417	Tessier number 6 facial cleft
MONDO:0015418	lateral facial cleft
MONDO:0015445	autosomal dominant coarctation of aorta
MONDO:0015476	cysts and fistulae of the face and oral cavity
MONDO:0015477	pinnae fistula or cyst
MONDO:0015478	paramedian facial cleft
MONDO:0015479	submucosal cleft palate
MONDO:0015482	otomandibular dysplasia
MONDO:0015485	primary hereditary glaucoma
MONDO:0015488	predominantly large-vessel vasculitis
MONDO:0015489	predominantly medium-vessel vasculitis
MONDO:0015490	predominantly small-vessel vasculitis
MONDO:0015491	immune complex mediated vasculitis
MONDO:0015493	lipoatrophy with diabetes, leukomelanodermic papules, liver steatosis, and hypertrophic cardiomyopathy
MONDO:0015494	isolated dystonia
MONDO:0015497	hypoglossia/aglossia
MONDO:0015499	paralytic facial malformation
MONDO:0015503	nose and cavum anomaly
MONDO:0015504	larynx anomaly
MONDO:0015505	tracheal anomaly
MONDO:0015516	symbrachydactyly of hands and feet
MONDO:0015519	congenital or early infantile CACH syndrome
MONDO:0015546	non-distal monosomy 10q
MONDO:0015547	genetic dementia
MONDO:0015554	typical urticaria pigmentosa
MONDO:0015555	plaque-form urticaria pigmentosa
MONDO:0015556	nodular urticaria pigmentosa
MONDO:0015557	Smouldering systemic mastocytosis
MONDO:0015558	isolated bone marrow mastocytosis
MONDO:0015559	lymphoadenopathic mastocytosis with eosinophilia
MONDO:0015568	isolated congenital nasal pyriform aperture stenosis
MONDO:0015569	congenital nasal pyriform aperture stenosis with holoprosencephaly
MONDO:0015570	isolated congenital auditory ossicle malformation
MONDO:0015585	cryptogenic late-onset epileptic spasms
MONDO:0015590	classic paraneoplastic limbic encephalitis
MONDO:0015591	limbic encephalitis associated with antibodies to cell membrane antigens
MONDO:0015593	limbic encephalitis with nCMAgs antibodies
MONDO:0015594	non-paraneoplastic limbic encephalitis
MONDO:0015595	posttransplant acute limbic encephalitis
MONDO:0015619	non-syndromic urogenital tract malformation
MONDO:0015624	diazoxide-sensitive diffuse hyperinsulinism
MONDO:0015625	diazoxide-resistant diffuse hyperinsulinism
MONDO:0015632	FASTKD2-related infantile mitochondrial encephalomyopathy
MONDO:0015634	isolated osteopoikilosis
MONDO:0015641	benign infantile focal epilepsy with midline spikes and wave during sleep
MONDO:0015642	benign partial infantile seizures
MONDO:0015650	epilepsy syndrome
MONDO:0015668	hereditary dentin defect
MONDO:0015699	immunodeficiency due to a classical component pathway complement deficiency
MONDO:0015700	immunodeficiency due to a late component of complement deficiency
MONDO:0015703	T-B+ severe combined immunodeficiency due to CD3delta/CD3epsilon/CD3zeta
MONDO:0015712	non-distal trisomy 10q
MONDO:0015741	distal trisomy 18q
MONDO:0015756	myeloid hemopathy
MONDO:0015757	lymphoid hemopathy
MONDO:0015764	mosaic trisomy 20
MONDO:0015765	congenital myopathy with cores
MONDO:0015775	non-rhizomelic chondrodysplasia punctata
MONDO:0015816	indolent primary cutaneous T-cell lymphoma
MONDO:0015817	aggressive primary cutaneous T-cell lymphoma
MONDO:0015818	aggressive primary cutaneous B-cell lymphoma
MONDO:0015819	indolent primary cutaneous B-cell lymphoma
MONDO:0015822	acquired neutropenia
MONDO:0015823	primary immunodeficiency due to a defect in adaptive immunity
MONDO:0015828	uterovaginal malformation
MONDO:0015829	non-syndromic uterovaginal malformation
MONDO:0015830	partial bilateral aplasia of the mullerian ducts
MONDO:0015831	unilateral aplasia of the mullerian ducts
MONDO:0015832	true unicornuate uterus
MONDO:0015833	pseudounicornuate uterus
MONDO:0015835	Bicervical bicornuate uterus and blind hemivagina
MONDO:0015836	Bicervical bicornuate uterus with patent cervix and vagina
MONDO:0015837	Unicervical bicornuate uterus
MONDO:0015840	complete septate uterus
MONDO:0015844	agenesis and aplasia of uterine body
MONDO:0015845	uterine cervical aplasia and agenesis
MONDO:0015852	excess breast volume or number
MONDO:0015853	deficient breast volume or number
MONDO:0015860	anomaly of puberty or/and menstrual cycle
MONDO:0015884	autosomal dominant hypohidrotic ectodermal dysplasia
MONDO:0015902	major hypertriglyceridemia
MONDO:0015915	cerebellar malformation
MONDO:0015921	ARX-related epileptic encephalopathy
MONDO:0015923	acquired peripheral neuropathy
MONDO:0015929	thoracic malformation
MONDO:0015930	respiratory malformation
MONDO:0015932	non-syndromic urogenital tract malformation of female
MONDO:0015933	non-syndromic urogenital tract malformation of male
MONDO:0015934	non-syndromic urogenital tract malformation of male and female
MONDO:0015951	hereditary photodermatosis
MONDO:0015961	genetic head and neck malformation
MONDO:0015967	monogenic diabetes
MONDO:0015979	hereditary predisposition to infections
MONDO:0016024	shoulder and thorax deformity-congenital heart disease syndrome
MONDO:0016034	cleft lip with or without cleft palate
MONDO:0016042	late-onset isolated ACTH deficiency
MONDO:0016049	congenital myopathy, Paradas type
MONDO:0016054	cerebral malformation
MONDO:0016061	immunodeficiency with factor H anomaly
MONDO:0016072	anomaly of puberty or/and menstrual cycle of genetic origin
MONDO:0016078	congenital systemic arteriovenous fistula
MONDO:0016092	serous or mucinous cystadenoma of childhood
MONDO:0016099	overlap myositis
MONDO:0016114	bulbospinal muscular atrophy of childhood
MONDO:0016115	bulbospinal muscular atrophy of adulthood
MONDO:0016116	generalized bulbospinal muscular atrophy
MONDO:0016121	congenital myotonia
MONDO:0016123	muscular tumor
MONDO:0016125	infectious, fungal or parasitic myopathy
MONDO:0016141	qualitative or quantitative defects of alpha-sarcoglycan
MONDO:0016143	qualitative or quantitative defects of gamma-sarcoglycan
MONDO:0016149	qualitative or quantitative defects of merosin
MONDO:0016150	qualitative or quantitative defects of integrin alpha-7
MONDO:0016151	qualitative or quantitative defects of perlecan
MONDO:0016152	qualitative or quantitative defects of calpain
MONDO:0016153	qualitative or quantitative defects of TRIM32
MONDO:0016154	qualitative or quantitative defects of myotubularin
MONDO:0016155	qualitative or quantitative defects of protein involved in O-glycosylation of alpha-dystroglycan
MONDO:0016156	qualitative or quantitative defects of FKRP
MONDO:0016157	qualitative or quantitative defects of fukutin
MONDO:0016165	genetic hypoparathyroidism
MONDO:0016169	chronic acquired demyelinating polyneuropathy
MONDO:0016170	chronic polyradiculoneuropathy
MONDO:0016171	polyradiculoneuropathy associated with IgG/IgA/IgM monoclonal gammopathy without known antibodies
MONDO:0016172	acquired sensory ganglionopathy
MONDO:0016173	non-paraneoplastic sensory ganglionopathy
MONDO:0016174	paraneoplastic sensory ganglionopathy
MONDO:0016176	axonal polyneuropathy associated with IgG/IgM/IgA monoclonal gammopathy
MONDO:0016179	acquired amyloid peripheral neuropathy
MONDO:0016182	qualitative or quantitative defects of protein O-mannose beta1, 2N-acetylglucosaminyltransferase
MONDO:0016183	qualitative or quantitative defects of protein glycosyltransferase-like
MONDO:0016184	qualitative or quantitative defects of protein O-mannosyltransferase 1
MONDO:0016185	qualitative or quantitative defects of protein O-mannosyltransferase 2
MONDO:0016186	qualitative or quantitative defects of myofibrillar proteins
MONDO:0016187	qualitative or quantitative defects of desmin
MONDO:0016188	qualitative or quantitative defects of alphaB-cristallin
MONDO:0016189	qualitative or quantitative defects of filamin C
MONDO:0016190	qualitative or quantitative defects of protein ZASP
MONDO:0016191	qualitative or quantitative defects of titin
MONDO:0016192	qualitative or quantitative defects of telethonin
MONDO:0016193	qualitative or quantitative defects of alpha-actin
MONDO:0016194	qualitative or quantitative defects of nebulin
MONDO:0016195	qualitative or quantitative defects of beta-myosin heavy chain (MYH7)
MONDO:0016196	qualitative or quantitative defects of emerin
MONDO:0016197	qualitative or quantitative defects of selenoprotein N1
MONDO:0016198	qualitative or quantitative defects of plectin
MONDO:0016199	qualitative or quantitative defects of protein SERCA1
MONDO:0016200	qualitative or quantitative defects of glucosamine (UDP-N-acetyl)-2-epimerase/N-acetylmannosamine kinase
MONDO:0016201	qualitative or quantitative defects of myotilin
MONDO:0016203	hypercholesterolemia due to cholesterol 7alpha-hydroxylase deficiency
MONDO:0016221	temporomandibular joint anomaly
MONDO:0016229	genetic vascular anomaly
MONDO:0016230	simple vascular malformation
MONDO:0016271	adenoid cystic carcinoma of the corpus uteri
MONDO:0016272	transitional cell carcinoma of the corpus uteri
MONDO:0016302	isolated congenitally uncorrected transposition of the great arteries
MONDO:0016303	congenitally uncorrected transposition of the great arteries with cardiac malformation
MONDO:0016319	congenital insensitivity to pain with hyperhidrosis
MONDO:0016352	idiopathic inherited hypercalciuria
MONDO:0016360	marcothrombocytopenia with mitral valve insufficiency
MONDO:0016376	confetti-like macular atrophy
MONDO:0016382	hereditary poikiloderma
MONDO:0016408	permanent congenital hypothyroidism
MONDO:0016409	primary congenital hypothyroidism
MONDO:0016412	peripheral hypothyroidism
MONDO:0016413	congenital hypothyroidism due to maternal intake of antithyroid drugs
MONDO:0016417	congenital ichthyosis-microcephalus-tetraplegia syndrome
MONDO:0016428	multiple sclerosis variant
MONDO:0016437	late-onset focal dermal elastosis
MONDO:0016438	linear focal dermal elastosis
MONDO:0016449	mid-dermal elastolysis
MONDO:0016454	Charcot-Marie-Tooth disease type 2B5
MONDO:0016468	toxin-mediated infectious botulism
MONDO:0016503	congenital erosive and vesicular dermatosis
MONDO:0016511	infectious embryofetopathy
MONDO:0016514	epidermolysis bullosa simplex with anodontia/hypodontia
MONDO:0016518	isolated punctate palmoplantar keratoderma
MONDO:0016520	isolated Klippel-Feil syndrome
MONDO:0016524	congenital vascular bone syndrome
MONDO:0016531	digestive duplication
MONDO:0016534	infundibulo-neurohypophysitis
MONDO:0016536	autosomal recessive lymphoproliferative disease
MONDO:0016540	congenital secondary polycythemia
MONDO:0016541	acquired secondary polycythemia
MONDO:0016550	congenital primary megaureter, obstructed form
MONDO:0016551	congenital primary megaureter, refluxing form
MONDO:0016552	congenital primary megaureter, nonrefluxing and unobstructed form
MONDO:0016555	transient congenital hypothyroidism due to maternal factor
MONDO:0016556	transient congenital hypothyroidism due to neonatal factor
MONDO:0016589	progressive cerebello-cerebral atrophy
MONDO:0016592	non-hereditary degenerative ataxia
MONDO:0016610	idiopathic eosinophilic myositis
MONDO:0016617	rheumatoid factor-negative juvenile idiopathic arthritis with anti-nuclear antibodies
MONDO:0016618	rheumatoid factor-negative juvenile idiopathic arthritis without anti-nuclear antibodies
MONDO:0016624	inherited deficiency anemia
MONDO:0016651	maternal uniparental disomy of chromosome 1
MONDO:0016661	infantile onset panniculitis with uveitis and systemic granulomatosis
MONDO:0016745	diffuse leptomeningeal melanocytosis
MONDO:0016794	maternally-inherited mitochondrial myopathy
MONDO:0016851	maternal uniparental disomy of chromosome X
MONDO:0016852	paternal uniparental disomy of chromosome X
MONDO:0016866	partial deletion of chromosome 1
MONDO:0016867	partial deletion of chromosome 2
MONDO:0016868	partial deletion of chromosome 3
MONDO:0016869	partial deletion of chromosome 4
MONDO:0016870	partial deletion of chromosome 5
MONDO:0016871	partial deletion of chromosome 6
MONDO:0016872	partial deletion of chromosome 7
MONDO:0016873	partial deletion of chromosome 8
MONDO:0016874	partial deletion of chromosome 9
MONDO:0016875	partial deletion of chromosome 10
MONDO:0016876	partial deletion of chromosome 11
MONDO:0016877	partial deletion of the long arm of chromosome 12
MONDO:0016878	partial deletion of chromosome 16
MONDO:0016879	partial deletion of chromosome 17
MONDO:0016880	partial deletion of chromosome 18
MONDO:0016881	partial deletion of chromosome 19
MONDO:0016882	partial deletion of chromosome 20
MONDO:0016884	partial deletion of the short arm of chromosome 2
MONDO:0016885	partial deletion of the short arm of chromosome 3
MONDO:0016887	partial deletion of the short arm of chromosome 5
MONDO:0016888	partial deletion of the short arm of chromosome 6
MONDO:0016893	partial deletion of the short arm of chromosome 11
MONDO:0016894	partial deletion of the short arm of chromosome 16
MONDO:0016897	partial deletion of the short arm of chromosome 19
MONDO:0016902	partial deletion of the long arm of chromosome 3
MONDO:0016904	partial deletion of the long arm of chromosome 5
MONDO:0016908	partial monosomy of the long arm of chromosome 9
MONDO:0016914	partial deletion of the long arm of chromosome 16
MONDO:0016915	partial deletion of the long arm of chromosome 17
MONDO:0016917	partial deletion of the long arm of chromosome 19
MONDO:0016918	partial deletion of the long arm of chromosome 20
MONDO:0016919	partial deletion of the long arm of chromosome 21
MONDO:0016925	partial trisomy/tetrasomy of chromosome 5
MONDO:0016930	partial trisomy/tetrasomy of chromosome 9
MONDO:0016933	partial trisomy/tetrasomy of the short arm of chromosome 12
MONDO:0016936	partial trisomy/tetrasomy of chromosome 18
MONDO:0016941	partial duplication of the short arm of chromosome 4
MONDO:0016942	partial trisomy/tetrasomy of the short arm of chromosome 5
MONDO:0016947	partial duplication of the short arm of chromosome 10
MONDO:0016948	partial duplication of the short arm of chromosome 11
MONDO:0016950	partial duplication of the short arm of chromosome 17
MONDO:0016951	partial trisomy/tetrasomy of the short arm of chromosome 18
MONDO:0016959	partial duplication of the long arm of chromosome 8
MONDO:0016960	partial trisomy of the long arm of chromosome 9
MONDO:0016961	partial duplication of the long arm of chromosome 10
MONDO:0016970	partial trisomy of the long arm of chromosome 20
MONDO:0016972	partial duplication of the long arm of chromosome 22
MONDO:0016979	MRCS syndrome
MONDO:0017003	partial deletion of chromosome X
MONDO:0017004	partial monosomy of the short arm of chromosome X
MONDO:0017007	partial deletion of the long arm of chromosome X
MONDO:0017008	partial duplication of chromosome X
MONDO:0017012	partial duplication of the short arm of chromosome 1
MONDO:0017036	Langerhans cell histiocytosis in childhood and adulthood
MONDO:0017051	classic maple syrup urine disease
MONDO:0017054	thiamine-responsive maple syrup urine disease
MONDO:0017059	neural tube closure defect
MONDO:0017070	total spina bifida cystica
MONDO:0017071	thoracolumbosacral spina bifida cystica
MONDO:0017072	lumbosacral spina bifida cystica
MONDO:0017073	cervical spina bifida cystica
MONDO:0017074	cervicothoracic spina bifida cystica
MONDO:0017075	upper thoracic spina bifida cystica
MONDO:0017084	leptomyelolipoma
MONDO:0017087	neurenteric cyst
MONDO:0017088	isolated amyelia
MONDO:0017089	isolated megalencephaly
MONDO:0017090	midline cerebral malformation
MONDO:0017093	unilateral focal polymicrogyria
MONDO:0017101	isolated focal cortical dysplasia type IIa
MONDO:0017104	central nervous system cystic malformation
MONDO:0017105	glioependymal/ependymal cyst
MONDO:0017107	isolated cerebellar vermis agenesis
MONDO:0017108	isolated total cerebellar vermis agenesis
MONDO:0017109	isolated partial cerebellar vermis agenesis
MONDO:0017110	isolated Dandy-Walker malformation with hydrocephalus
MONDO:0017111	isolated Dandy-Walker malformation without hydrocephalus
MONDO:0017113	isolated bilateral hemispheric cerebellar hypoplasia
MONDO:0017114	global cerebellar malformation
MONDO:0017116	congenital communicating hydrocephalus
MONDO:0017131	genetic cardiac anomaly
MONDO:0017186	diazoxide-resistant hyperinsulinism
MONDO:0017187	diazoxide-resistant focal hyperinsulinism due to SUR1 deficiency
MONDO:0017188	diazoxide-resistant focal hyperinsulinism due to Kir6.2 deficiency
MONDO:0017205	primary oculocerebral lymphoma
MONDO:0017209	infectious posterior uveitis
MONDO:0017211	infectious panuveitis
MONDO:0017212	paraneoplastic uveitis
MONDO:0017217	visceral calciphylaxis
MONDO:0017223	Pelizaeus-Merzbacher disease, transitional form
MONDO:0017232	recessive intellectual disability-motor dysfunction-multiple joint contractures syndrome
MONDO:0017238	hemoglobinopathy Toms River
MONDO:0017239	familial progressive hyper- and hypopigmentation
MONDO:0017243	bullous diffuse cutaneous mastocytosis
MONDO:0017244	pseudoxanthomatous diffuse cutaneous mastocytosis
MONDO:0017245	intralobar congenital pulmonary sequestration
MONDO:0017246	extralobar congenital pulmonary sequestration
MONDO:0017247	communicating congenital bronchopulmonary-foregut malformation
MONDO:0017248	congenital pulmonary airway malformation type 0
MONDO:0017249	congenital pulmonary airway malformation type 1
MONDO:0017250	congenital pulmonary airway malformation type 2
MONDO:0017251	congenital pulmonary airway malformation type 3
MONDO:0017252	congenital pulmonary airway malformation type 4
MONDO:0017257	idiopathic posterior uveitis
MONDO:0017262	inherited non-syndromic ichthyosis
MONDO:0017263	inherited ichthyosis syndromic form
MONDO:0017277	partial deletion of chromosome 12
MONDO:0017294	glycerol kinase deficiency, infantile form
MONDO:0017295	glycerol kinase deficiency, juvenile form
MONDO:0017296	glycerol kinase deficiency, adult form
MONDO:0017299	acute annular outer retinopathy
MONDO:0017301	pericardial and diaphragmatic defect
MONDO:0017302	qualitative or quantitative defects of troponin
MONDO:0017303	qualitative or quantitative defects of tropomyosin
MONDO:0017335	microtriplication 11q24.1
MONDO:0017336	fatal infantile hypertrophic cardiomyopathy due to mitochondrial complex I deficiency
MONDO:0017344	Epstein-Barr virus-associated carcinoma
MONDO:0017348	lymphoepithelial-like carcinoma
MONDO:0017353	neonatal glycine encephalopathy
MONDO:0017354	infantile glycine encephalopathy
MONDO:0017365	hereditary acrokeratotic poikiloderma, Weary type
MONDO:0017389	tetrahydrobiopterin-responsive hyperphenylalaninemia/phenylketonuria
MONDO:0017396	toxic dermatosis
MONDO:0017397	constitutional dyserythropoietic anemia
MONDO:0017407	deficiency in anterior pituitary function - variable immunodeficiency syndrome
MONDO:0017420	intercalary limb defects
MONDO:0017421	non-syndromic terminal limb defects
MONDO:0017422	adactyly of hand
MONDO:0017423	split hand or/and split foot malformation
MONDO:0017428	congenital deformities of fingers
MONDO:0017429	joint formation defects
MONDO:0017430	non-syndromic congenital joint dislocations
MONDO:0017431	non-syndromic limb overgrowth
MONDO:0017440	humeral agenesis/hypoplasia
MONDO:0017447	congenital absence/hypoplasia of thumb
MONDO:0017448	congenital absence/hypoplasia of fingers excluding thumb
MONDO:0017451	non-syndromic brachydactyly of fingers
MONDO:0017463	congenital pseudoarthrosis of the femur
MONDO:0017464	congenital pseudoarthrosis of the fibula
MONDO:0017465	congenital pseudoarthrosis of the radius
MONDO:0017466	congenital pseudoarthrosis of the ulna
MONDO:0017469	congenital elbow dislocation
MONDO:0017472	patella aplasia/hypoplasia, unilateral
MONDO:0017473	patella aplasia/hypoplasia, bilateral
MONDO:0017476	upper limb hypertrophy
MONDO:0017477	lower limb hypertrophy
MONDO:0017478	amelia of upper limb, unilateral
MONDO:0017479	amelia of upper limb, bilateral
MONDO:0017480	amelia of lower limb, unilateral
MONDO:0017481	amelia of lower limb, bilateral
MONDO:0017482	humeral agenesis/hypoplasia, unilateral
MONDO:0017483	humeral agenesis/hypoplasia, bilateral
MONDO:0017484	femoral agenesis/hypoplasia, unilateral
MONDO:0017485	femoral agenesis/hypoplasia, bilateral
MONDO:0017486	radial hemimelia, unilateral
MONDO:0017487	radial hemimelia, bilateral
MONDO:0017488	ulnar hemimelia, bilateral
MONDO:0017489	ulnar hemimelia, unilateral
MONDO:0017492	fibular hemimelia, unilateral
MONDO:0017493	fibular hemimelia, bilateral
MONDO:0017496	congenital absence of thigh and lower leg with foot present, unilateral
MONDO:0017498	congenital absence of both forearm and hand, unilateral
MONDO:0017500	congenital absence of both lower leg and foot, unilateral
MONDO:0017502	acheiria, unilateral
MONDO:0017504	apodia, unilateral
MONDO:0017505	apodia, bilateral
MONDO:0017506	congenital absence/hypoplasia of thumb, unilateral
MONDO:0017507	congenital absence/hypoplasia of thumb, bilateral
MONDO:0017508	congenital absence/hypoplasia of fingers excluding thumb, bilateral
MONDO:0017509	adactyly of foot, unilateral
MONDO:0017510	adactyly of foot, bilateral
MONDO:0017511	split hand, unilateral
MONDO:0017512	split hand, bilateral
MONDO:0017513	split foot, unilateral
MONDO:0017515	brachydactyly of fingers, unilateral
MONDO:0017516	brachydactyly of fingers, bilateral
MONDO:0017517	brachydactyly of toes, unilateral
MONDO:0017518	brachydactyly of toes, bilateral
MONDO:0017521	hyperphalangy, unilateral
MONDO:0017522	hyperphalangy, bilateral
MONDO:0017535	central polydactyly of fingers, unilateral
MONDO:0017536	central polydactyly of fingers, bilateral
MONDO:0017537	Preaxial polydactyly of toes, unilateral
MONDO:0017538	Preaxial polydactyly of toes, bilateral
MONDO:0017546	congenital vertical talus, unilateral
MONDO:0017547	congenital vertical talus, bilateral
MONDO:0017548	humero-radio-ulnar synostosis, unilateral
MONDO:0017549	humero-radio-ulnar synostosis, bilateral
MONDO:0017550	humero-radial synostosis, unilateral
MONDO:0017551	humero-radial synostosis, bilateral
MONDO:0017552	humero-ulnar synostosis, unilateral
MONDO:0017553	humero-ulnar synostosis, bilateral
MONDO:0017556	Madelung deformity, unilateral
MONDO:0017557	Madelung deformity, bilateral
MONDO:0017558	congenital elbow dislocation, unilateral
MONDO:0017559	congenital elbow dislocation, bilateral
MONDO:0017561	congenital genu flexum
MONDO:0017562	congenital patella dislocation, unilateral
MONDO:0017563	congenital patella dislocation, bilateral
MONDO:0017564	macrodactyly of fingers, unilateral
MONDO:0017565	macrodactyly of fingers, bilateral
MONDO:0017566	macrodactyly of toes, unilateral
MONDO:0017567	macrodactyly of toes, bilateral
MONDO:0017588	nail tumor
MONDO:0017589	follicular cholangitis and pancreatitis
MONDO:0017595	aggressive B-cell non-Hodgkin lymphoma
MONDO:0017601	diffuse large B-cell lymphoma with chronic inflammation
MONDO:0017616	X-linked intellectual disability, Schutz type
MONDO:0017618	congenital sucrase-isomaltase deficiency with starch intolerance
MONDO:0017619	congenital sucrase-isomaltase deficiency with minimal starch tolerance
MONDO:0017620	congenital sucrase-isomaltase deficiency without starch intolerance
MONDO:0017621	congenital sucrase-isomaltase deficiency with starch and lactose intolerance
MONDO:0017622	congenital sucrase-isomaltase deficiency without sucrose intolerance
MONDO:0017629	sodium channelopathy-related small fiber neuropathy
MONDO:0017651	primary myoclonus
MONDO:0017656	motor stereotypies
MONDO:0017659	sporadic hyperekplexia
MONDO:0017667	isolated diffuse palmoplantar keratoderma
MONDO:0017672	focal palmoplantar keratoderma
MONDO:0017673	isolated focal palmoplantar keratoderma
MONDO:0017676	marginal papular palmoplantar keratoderma
MONDO:0017681	erythrokeratoderma variabilis progressiva
MONDO:0017686	inborn aminoacylase deficiency
MONDO:0017710	congenital systemic veins anomaly
MONDO:0017727	fixed subaortic stenosis
MONDO:0017729	metachromatic leukodystrophy, late infantile form
MONDO:0017730	metachromatic leukodystrophy, adult form
MONDO:0017732	alpha-mannosidosis, infantile form
MONDO:0017750	defect in conserved oligomeric Golgi complex
MONDO:0017752	defect in V-ATPase
MONDO:0017769	acquired immunodeficiency
MONDO:0017782	developmental and speech delay due to SOX5 deficiency
MONDO:0017789	idiopathic linear interstitial keratitis
MONDO:0017817	primary localized amyloidosis
MONDO:0017828	primary renal tubular acidosis
MONDO:0017831	mild Canavan disease
MONDO:0017839	classic congenital adrenal hyperplasia due to 21-hydroxylase deficiency, salt wasting form
MONDO:0017840	classic congenital adrenal hyperplasia due to 21-hydroxylase deficiency, simple virilizing form
MONDO:0017855	T-B- severe combined immunodeficiency
MONDO:0017868	diencephalic-mesencephalic junction dysplasia
MONDO:0017869	chondroectodermal dysplasia with night blindness
MONDO:0017912	X-linked pure spastic paraplegia
MONDO:0017914	pure or complex autosomal dominant spastic paraplegia
MONDO:0017915	pure or complex autosomal recessive spastic paraplegia
MONDO:0017916	pure or complex X-linked spastic paraplegia
MONDO:0017917	maternally-inherited spastic paraplegia
MONDO:0017930	mixed sclerosing bone dystrophy with extra-skeletal manifestations
MONDO:0017936	benign Samaritan congenital myopathy
MONDO:0017942	Hendra virus infection
MONDO:0017972	classic congenital lipoid adrenal hyperplasia due to STAR deficency
MONDO:0017973	non-classic congenital lipoid adrenal hyperplasia due to STAR deficency
MONDO:0017983	humero-radio-ulnar synostosis
MONDO:0017993	cerebral sinovenous thrombosis
MONDO:0018003	limbic encephalitis with DPP6 antibodies
MONDO:0018008	idiopathic giant cell myocarditis
MONDO:0018009	non-hypoproteinemic hypertrophic gastropathy
MONDO:0018010	juvenile idiopathic inflammatory myopathy
MONDO:0018013	non-immunoglobulin-mediated membranoproliferative glomerulonephritis
MONDO:0018111	idiopathic severe pneumococcemia
MONDO:0018113	isolated plagiocephaly
MONDO:0018114	isolated brachycephaly
MONDO:0018144	congenital myasthenic syndromes with glycosylation defect
MONDO:0018145	congenital retinal arteriovenous communication
MONDO:0018185	congenital anomaly of the great veins
MONDO:0018192	paratesticular adenocarcinoma
MONDO:0018206	childhood-onset autosomal recessive myopathy with external ophthalmoplegia
MONDO:0018222	X-linked intellectual disability due to GRIA3 anomalies
MONDO:0018230	skeletal dysplasia
MONDO:0018244	obesity due to SIM1 deficiency
MONDO:0018254	spondyloepimetaphyseal dysplasia, Isidor type
MONDO:0018255	spondylometaphyseal dysplasia, Czarny-Ratajczak type
MONDO:0018260	scalp syndrome
MONDO:0018267	combined cervical dystonia
MONDO:0018282	qualitative or quantitative defects of alpha-dystroglycan
MONDO:0018283	primary qualitative or quantitative defects of alpha-dystroglycan
MONDO:0018292	congenital disorder of glycosylation-related bone disorder
MONDO:0018303	generalized isolated dystonia
MONDO:0018324	adult-onset myasthenia gravis
MONDO:0018325	juvenile myasthenia gravis
MONDO:0018329	persistent combined dystonia
MONDO:0018337	severe neonatal lactic acidosis due to NFS1-ISD11 complex deficiency
MONDO:0018340	hereditary isolated aplastic anemia
MONDO:0018343	periodic paralysis with later-onset distal motor neuropathy
MONDO:0018351	adenocarcinoma of penis
MONDO:0018358	neonatal autoimmune hemolytic anemia
MONDO:0018359	neonatal dermatomyositis
MONDO:0018361	neonatal scleroderma
MONDO:0018362	persistent idiopathic facial pain
MONDO:0018371	nebulin-related early-onset distal myopathy
MONDO:0018374	secondary avascular necrosis
MONDO:0018375	traumatic avascular necrosis
MONDO:0018376	secondary non-traumatic avascular necrosis
MONDO:0018379	primary avascular necrosis
MONDO:0018380	idiopathic avascular necrosis
MONDO:0018383	osteonecrosis of genetic origin
MONDO:0018384	avascular necrosis of genetic origin
MONDO:0018385	osteochondrosis of genetic origin
MONDO:0018433	acute myeloid leukemia with t(6;9)(p23;q34)
MONDO:0018434	acute myeloid leukemia with t(9;11)(p22;q23)
MONDO:0018451	X-linked distal hereditary motor neuropathy
MONDO:0018454	dysostosis of genetic origin
MONDO:0018468	proton-pump inhibitor-responsive esophageal eosinophilia
MONDO:0018487	autosomal recessive severe congenital neutropenia due to CXCR2 deficiency
MONDO:0018496	ARX-related encephalopathy-brain malformation spectrum
MONDO:0018498	double outlet right ventricle with subaortic or doubly committed ventricular septal defect
MONDO:0018499	double outlet right ventricle with atrioventricular septal defect, pulmonary stenosis, heterotaxy
MONDO:0018502	hereditary gastric cancer
MONDO:0018529	qualitative or quantitative defects of Torsin-1A-interacting protein 1
MONDO:0018562	genetic otorhinolaryngological malformation
MONDO:0018565	congenital urachal anomaly
MONDO:0018576	non-progressive predominantly posterior cavitating leukoencephalopathy with peripheral neuropathy
MONDO:0018585	pediatric arterial ischemic stroke
MONDO:0018588	ALECT2 amyloidosis
MONDO:0018589	AApoAIV amyloidosis
MONDO:0018590	ABeta2M amyloidosis
MONDO:0018599	congenital oculomotor nerve palsy
MONDO:0018600	congenital abducens nerve palsy
MONDO:0018613	AH amyloidosis
MONDO:0018614	undetermined early-onset epileptic encephalopathy
MONDO:0018621	lymphoplasmacytic lymphoma without IgM production
MONDO:0018635	idiopathic phalangeal acro-osteolysis
MONDO:0018639	caudal regression-sirenomelia spectrum
MONDO:0018640	secondary vasculitis
MONDO:0018642	NIK deficiency
MONDO:0018643	susceptibility to localized juvenile periodontitis
MONDO:0018659	partial duplication of the short arm of chromosome 19
MONDO:0018672	IgG4-related aortitis
MONDO:0018679	primary cutaneous plasmacytosis
MONDO:0018682	congenital insensitivity to pain with severe intellectual disability
MONDO:0018701	congenital nemaline myopathy
MONDO:0018710	megalencephaly-severe kyphoscoliosis-overgrowth syndrome
MONDO:0018716	partially involuting congenital hemangioma
MONDO:0018717	mixed cystic lymphatic malformation
MONDO:0018720	common cystic lymphatic malformation
MONDO:0018731	lethal multiple congenital anomalies/dysmorphic syndrome
MONDO:0018736	kaposiform lymphangiomatosis
MONDO:0018756	euthyroid Graves orbitopathy
MONDO:0018757	supratip dysplasia
MONDO:0018766	chronic enteropathy associated with SLCO2A1 gene
MONDO:0018771	congenital anomaly of ventricular septum
MONDO:0018775	axonal hereditary motor and sensory neuropathy
MONDO:0018776	demyelinating hereditary motor and sensory neuropathy
MONDO:0018780	congenital generalized hypercontractile muscle stiffness syndrome
MONDO:0018782	type 1 interferonopathy
MONDO:0018786	pontine autosomal dominant microangiopathy with leukoencephalopathy
MONDO:0018791	Moyomoya angiopathy
MONDO:0018793	primary condylar hyperplasia
MONDO:0018796	isolated constitutional thrombocytopenia
MONDO:0018806	primary intrahepatic lithiasis
MONDO:0018809	idiopathic peliosis hepatis
MONDO:0018811	congenital portosystemic shunt
MONDO:0018813	high grade B-cell lymphoma with MYC and/ or BCL2 and/or BCL6 rearrangement
MONDO:0018814	non-SCID combined immunodeficiency
MONDO:0018825	PYCR2-related microcephaly-progressive leukoencephalopathy
MONDO:0018834	adenylosuccinate synthetase-like 1-related distal myopathy
MONDO:0018888	congenital cornea plana
MONDO:0018916	isolated anorectal malformation
MONDO:0018967	short stature due to isolated growth hormone deficiency with X-linked hypogammaglobulinemia
MONDO:0019042	multiple congenital anomalies/dysmorphic syndrome
MONDO:0019054	congenital limb malformation
MONDO:0019063	vascular anomaly
MONDO:0019075	Bosley-Salih-Alorainy syndrome
MONDO:0019076	circumscribed palmoplantar hypokeratosis
MONDO:0019126	intractable diarrhea of infancy
MONDO:0019138	bleeding diathesis due to a collagen receptor defect
MONDO:0019144	hereditary thrombophilia due to congenital protein S deficiency
MONDO:0019213	cerebral organic aciduria
MONDO:0019215	classic organic aciduria
MONDO:0019251	oligosaccharidosis
MONDO:0019265	diazoxide-resistant focal hyperinsulinism
MONDO:0019271	acrokeratoderma
MONDO:0019277	epidermal appendage anomaly
MONDO:0019278	hair anomaly
MONDO:0019281	isolated genetic hair shaft abnormality
MONDO:0019286	sebaceous gland anomaly
MONDO:0019335	mild hyperphenylalaninemia
MONDO:0019357	congenital narrowing of cervical spinal canal
MONDO:0019377	Mycoplasma encephalitis
MONDO:0019393	idiopathic malabsorption due to bile acid synthesis defects
MONDO:0019397	unknown leukodystrophy
MONDO:0019398	desmin-related myopathy with Mallory body-like inclusions
MONDO:0019406	craniofacial conodysplasia
MONDO:0019411	genochondromatosis type 1
MONDO:0019432	rheumatoid factor-negative juvenile idiopathic arthritis
MONDO:0019482	dendritic cell sarcoma not otherwise specified
MONDO:0019484	hypothalamic hamartomas with gelastic seizures
MONDO:0019488	myoclonic epilepsy in non-progressive encephalopathies
MONDO:0019513	esophageal malformation
MONDO:0019528	inflammatory pseudotumor of the liver
MONDO:0019541	non-infectious posterior uveitis
MONDO:0019545	systemic monochloroacetate poisoning
MONDO:0019552	centrifugal lipodystrophy
MONDO:0019573	autosomal recessive cutis laxa type 2
MONDO:0019582	self-healing papular mucinosis
MONDO:0019583	localized lichen myxedematosus with mixed features of different subtypes
MONDO:0019584	localized lichen myxedematosus with monoclonal gammopathy or systemic symptoms
MONDO:0019585	scleromyxedema without monoclonal gammopathy
MONDO:0019599	primary lipodystrophy
MONDO:0019607	unspecified juvenile idiopathic arthritis
MONDO:0019615	pituitary dermoid and epidermoid cysts
MONDO:0019619	duplication of the esophagus
MONDO:0019641	pauci-immune glomerulonephritis
MONDO:0019646	unilateral congenital megacalycosis
MONDO:0019647	congenital bilateral megacalycosis
MONDO:0019672	fibular hemimelia
MONDO:0019682	congenital sialidosis type 2
MONDO:0019685	FGFR3-related chondrodysplasia
MONDO:0019692	multiple epiphyseal dysplasia and pseudoachondroplasia
MONDO:0019693	multiple metaphyseal dysplasia
MONDO:0019694	spondylodysplastic dysplasia
MONDO:0019695	acromelic dysplasia
MONDO:0019699	slender bone dysplasia
MONDO:0019707	primary osteolysis
MONDO:0019712	patellar dysostosis
MONDO:0019713	non-syndromic limb reduction defect
MONDO:0019714	non-syndromic polydactyly, syndactyly and/or hyperphalangy
MONDO:0019718	lethal chondrodysplasia
MONDO:0019720	non-syndromic renal or urinary tract malformation
MONDO:0019725	pediatric systemic lupus erythematosus
MONDO:0019742	late-onset nephronophthisis
MONDO:0019782	humero-ulnar synostosis
MONDO:0019786	severe intellectual disability-epilepsy-anal anomalies-distal phalangeal hypoplasia
MONDO:0019800	chronic hepatic porphyria
MONDO:0019814	straddling or overriding tricuspid valve
MONDO:0019815	accessory tricuspid valve tissue
MONDO:0019816	anomaly of the tricuspid subvalvular apparatus
MONDO:0019818	cleft mitral valve
MONDO:0019820	univentricular cardiopathy
MONDO:0019821	aneurysm or dilatation of ascending aorta
MONDO:0019822	arterial duct anomaly
MONDO:0019823	premature closure of the arterial duct
MONDO:0019826	abnormal origin or aberrant course of coronary artery
MONDO:0019831	congenital anomaly of the coronary sinus
MONDO:0019836	congenital anomaly of hepatic vein
MONDO:0019837	atrial appendage anomaly
MONDO:0019838	adenohypophysitis
MONDO:0019839	panhypophysitis
MONDO:0019845	iatrogenic or traumatic pituitary deficiency
MONDO:0019848	posterior hypospadias
MONDO:0019849	isolated micropenis
MONDO:0019892	distal monosomy 7p
MONDO:0019893	distal monosomy 19p13.3
MONDO:0019895	distal monosomy 4q
MONDO:0019897	distal monosomy 12q
MONDO:0019898	distal monosomy 14q
MONDO:0019899	distal monosomy 20q
MONDO:0019900	non-distal monosomy 12q
MONDO:0019901	non-distal monosomy 20q
MONDO:0019915	maternal uniparental disomy of chromosome 14
MONDO:0019916	maternal uniparental disomy of chromosome 16
MONDO:0019918	maternal uniparental disomy of chromosome 21
MONDO:0019919	maternal uniparental disomy of chromosome 22
MONDO:0019920	paternal uniparental disomy of chromosome 5
MONDO:0019921	paternal uniparental disomy of chromosome 6
MONDO:0019935	isochromosome Y
MONDO:0019939	early-onset schizophrenia
MONDO:0019953	mega-cisterna magna
MONDO:0019972	dural sinus malformation
MONDO:0019981	unilateral multicystic dysplastic kidney
MONDO:0019985	drug-related renal tubular dysgenesis
MONDO:0019989	pauci-immune glomerulonephritis without ANCA
MONDO:0019998	gastroduodenal malformation
MONDO:0019999	intestinal malformation
MONDO:0020001	respiratory or thoracic malformation
MONDO:0020018	cranial malformation
MONDO:0020019	digestive tract malformation
MONDO:0020020	visceral malformation of the liver, biliary tract, pancreas or spleen
MONDO:0020021	diaphragmatic or abdominal wall malformation
MONDO:0020023	respiratory or mediastinal malformation
MONDO:0020043	autosomal recessive congenital cerebellar ataxia
MONDO:0020075	genetic non-syndromic obesity
MONDO:0020127	genetic peripheral neuropathy
MONDO:0020130	malformation of the cerebellar vermis
MONDO:0020131	malformation of the cerebellar hemispheres
MONDO:0020132	cranial nerve and nuclear aplasia
MONDO:0020133	posterior fossa malformation
MONDO:0020144	cerebrovascular dementia
MONDO:0020145	developmental defect of the eye
MONDO:0020146	major induction processes eye anomaly
MONDO:0020155	eyelid border anomaly
MONDO:0020160	secondary entropion
MONDO:0020162	secondary ectropion
MONDO:0020163	canthal anomaly
MONDO:0020164	epicanthal fold
MONDO:0020167	malposition of external canthus
MONDO:0020174	precancerous lesion of palpebral epidermis
MONDO:0020178	palpebral lentiginosis
MONDO:0020193	secretory apparatus of the lacrimal system anomaly
MONDO:0020194	congenital alacrima
MONDO:0020195	excretory apparatus of the lacrimal system anomaly
MONDO:0020196	anomaly of the secretory and excretory apparatus of the lacrimal system
MONDO:0020203	pigmented conjunctival lesion
MONDO:0020205	bulbar conjunctival dermoid or conjunctival dermolipoma
MONDO:0020216	secondary dysgenetic glaucoma
MONDO:0020219	corneogoniodysgenesis
MONDO:0020235	lens size anomaly
MONDO:0020237	lens shape anomaly
MONDO:0020252	essential strabismus
MONDO:0020256	congenital trochlear nerve palsy
MONDO:0020275	oculocutaneous or ocular albinism
MONDO:0020284	heart position anomaly
MONDO:0020285	transposition of the great arteries and conotruncal cardiac anomaly
MONDO:0020286	aortic malformation
MONDO:0020287	pulmonary artery or pulmonary branch anomaly
MONDO:0020288	atrioventricular valve anomaly
MONDO:0020293	ascending aorta anomaly
MONDO:0020294	atrial defect and interatrial communication
MONDO:0020305	isochromosomy Yq
MONDO:0020327	classic Hodgkin lymphoma, nodular sclerosis type
MONDO:0020339	X-linked complex spastic paraplegia
MONDO:0020343	alpha-crystallinopathy
MONDO:0020344	postsynaptic congenital myasthenic syndrome
MONDO:0020345	presynaptic congenital myasthenic syndrome
MONDO:0020346	synaptic congenital myasthenic syndrome
MONDO:0020351	Blake pouch cyst
MONDO:0020353	von Hippel anomaly
MONDO:0020372	early-onset sutural cataract
MONDO:0020378	early-onset posterior polar cataract
MONDO:0020385	congenitally uncorrected transposition of the great arteries with coarctation
MONDO:0020388	double outlet right ventricle with non-committed subpulmonary ventricular septal defect
MONDO:0020390	pulmonary artery coming from patent ductus arteriosus
MONDO:0020392	discrete fixed membranous subaortic stenosis
MONDO:0020393	discrete fibromuscular subaortic stenosis
MONDO:0020394	tunnel subaortic stenosis
MONDO:0020396	anomaly of the tricuspid valve chordae
MONDO:0020397	parachute tricuspid valve
MONDO:0020401	congenital unguarded mitral orifice
MONDO:0020402	congenital accessory mitral valve tissue
MONDO:0020403	congenital mitral valve agenesis
MONDO:0020405	straddling and/or overriding mitral valve
MONDO:0020409	univentricular heart with single atrio-ventricular valve
MONDO:0020410	aorto-right ventricular tunnel
MONDO:0020411	aorto-left ventricular tunnel
MONDO:0020414	persistent fifth aortic arch
MONDO:0020421	coronary artery intramyocardial course
MONDO:0020422	aortopulmonary coronary arterial course
MONDO:0020423	stenosis or atrophy of the coronary ostium
MONDO:0020424	intramural coronary arterial course
MONDO:0020425	abnormal number of coronary ostia
MONDO:0020426	malposition of the coronary ostium
MONDO:0020431	juxtaposition of the atrial appendages
MONDO:0020432	ectasia of the right atrial appendage
MONDO:0020433	ectasia of the left appendage
MONDO:0020440	persistent left superior vena cava connecting to the left-sided atrium
MONDO:0020441	right superior vena cava connecting to left-sided atrium
MONDO:0020443	absence of innominate vein
MONDO:0020446	coronary sinus stenosis
MONDO:0020447	coronary sinus atresia
MONDO:0020448	right inferior vena cava connecting to left-sided atrium
MONDO:0020449	persistent eustachian valve
MONDO:0020450	azygos continuation of the inferior vena cava
MONDO:0020454	congenital complete agenesis of pericardium
MONDO:0020455	congenital partial agenesis of pericardium
MONDO:0020456	pleuro-pericardial cyst
MONDO:0020463	isolated congenital ectropion
MONDO:0020468	paternal uniparental disomy of chromosome 13
MONDO:0020476	mesial temporal lobe epilepsy with hippocampal sclerosis
MONDO:0020477	progeria-associated arthropathy
MONDO:0020488	atypical progressive supranuclear palsy syndrome
MONDO:0020507	Cree leukoencephalopathy
MONDO:0020509	secondary syringomyelia
MONDO:0020512	precursor T-cell acute lymphoblastic leukemia
MONDO:0020524	primary parathyroid hyperplasia
MONDO:0020537	occupational allergic alveolitis
MONDO:0020693	glycogen storage disease due to liver phosphorylase kinase deficiency
MONDO:0021026	genetic epidermal appendage anomaly
MONDO:0021029	genetic sebaceous gland anomaly
MONDO:0021034	genetic alopecia
MONDO:0021141	acquired
MONDO:0021664	cervical aortic arch
MONDO:0022397	retinal ciliopathy due to mutation in the retinitis pigmentosa-1 gene
MONDO:0022399	retinal ciliopathy due to mutation in the RPGR gene
MONDO:0022400	retinal ciliopathy due to mutation in the RPGRIP gene
MONDO:0022404	retinal ciliopathy due to mutation in Usher gene
MONDO:0022405	retinal ciliopathy due to mutation in nephronophthisis gene
MONDO:0022407	retinal ciliopathy due to mutation in Bardet-Biedl gene
MONDO:0022409	nephropathy-associated ciliopathy
MONDO:0022410	retinal ciliopathy
MONDO:0024471	non-inflammatory vasculopathy
MONDO:0027652	5-fluorouracil toxicity
MONDO:0027653	abacavir toxicity
MONDO:0027655	allopurinol toxicity
MONDO:0027664	cisplatin toxicity
MONDO:0027666	codeine toxicity
MONDO:0027667	efavirenz toxicity
MONDO:0027668	flucloxacilline toxicity
MONDO:0027675	irinotecan toxicity
MONDO:0027677	isoniazid toxicity
MONDO:0027687	raltegravir toxicity
MONDO:0027696	voriconazole toxicity
MONDO:0027749	serpinopathy
MONDO:0028226	autosomal recessive severe congenital neutropenia
MONDO:0028618	gastroenteric neuroendocrine neoplasm
MONDO:0031257	high altitude pulmonary edema
MONDO:0033169	curariform drugs toxicity
MONDO:0033170	statin toxicity
MONDO:0033181	phenytoin or carbamazepine toxicity
MONDO:0033187	combined oxidative phosphorylation defect type 29
MONDO:0033672	Duane anomaly-myopathy-scoliosis syndrome
MONDO:0033682	skeletal dysplasia-T-cell immunodeficiency-developmental delay syndrome
MONDO:0033683	congenital progressive bone marrow failure-B-cell immunodeficiency-skeletal dysplasia syndrome
MONDO:0033717	congenital cerebellar ataxia due to RNU12 mutation
MONDO:0033809	isolated blepharochalasis
MONDO:0033810	isolated iridoschisis
MONDO:0033816	thygeson superficial punctate keratopathy
MONDO:0033818	Terrien marginal degeneration
MONDO:0033821	fungal keratitis
MONDO:0033838	radiation-induced plexopathy
MONDO:0033839	osteoradionecrosis of the mandible
MONDO:0033850	autosomal recessive axonal charcot-marie-tooth disease due to copper metabolism defect
MONDO:0033853	congenital cataract-severe neonatal hepatopathy-global developmental delay syndrome
MONDO:0033856	LAMA5-related multisystemic syndrome
MONDO:0033862	primary autoimmune enteropathy
MONDO:0033925	pediatric-onset Graves disease
MONDO:0033926	prepubertal anorexia nervosa
MONDO:0033947	hereditary angioedema with normal C1Inh
MONDO:0033948	acquired angioedema with C1Inh deficiency
MONDO:0033954	monoclonal mast cell activation syndrome
MONDO:0033968	immune dysregulation-inflammatory bowel disease-arthritis-recurrent infections-lymphopenia syndrome
MONDO:0033969	inflammatory bowel disease-recurrent sinopulmonary infections syndrome
MONDO:0033980	RELA fusion-positive ependymoma
MONDO:0034021	spondylodysplastic Ehlers-Danlos syndrome
MONDO:0034024	kyphoscoliotic Ehlers-Danlos syndrome
MONDO:0034041	congenital axonal neuropathy with encephalopathy
MONDO:0034092	optic atrophy-ataxia-peripheral neuropathy-global developmental delay syndrome
MONDO:0034099	SYNGAP1-related developmental and epileptic encephalopathy
MONDO:0034103	infection-related hemolytic uremic syndrome
MONDO:0034110	atypical Fanconi syndrome-neonatal hyperinsulinism syndrome
MONDO:0034127	IgA pemphigus
MONDO:0034142	pancreatic agenesis-holoprosencephaly syndrome
MONDO:0034143	early-onset calcifying leukoencephalopathy-skeletal dysplasia
MONDO:0034146	spastic ataxia-dysarthria due to glutaminase deficiency
MONDO:0034147	neonatal epileptic encephalopathy due to glutaminase deficiency
MONDO:0034150	idiopathic gastroparesis
MONDO:0034186	autosomal recessive extra-oral halitosis
MONDO:0034189	primary biliary cholangitis/primary sclerosing cholangitis and autoimmune hepatitis overlap syndrome
MONDO:0034204	syndromic congenital sodium diarrhea
MONDO:0034212	methotrexate toxicity
MONDO:0034216	resistance to thyroid hormone due to a mutation in thyroid hormone receptor alpha
MONDO:0034217	resistance to thyroid hormone due to a mutation in thyroid hormone receptor beta
MONDO:0034661	syndromic biliary atresia
MONDO:0034669	non-syndromic preaxial polydactyly
MONDO:0034670	non-syndromic postaxial polydactyly
MONDO:0034671	non-syndromic complex polydactyly
MONDO:0034676	overgrowth syndrome with 2q37 translocation
MONDO:0034820	cleft lip and palate-craniofacial dysmorphism-congenital heart defect-hearing loss syndrome
MONDO:0034823	oral-facial-digital syndrome with short stature and brachymesophalangy
MONDO:0034846	primary desmosis coli
MONDO:0034872	large granular lymphocyte leukemia
MONDO:0034895	congenital brachyesophagus-intrathoracic stomach-vertebral anomalies syndrome
MONDO:0034901	ATP13A2-related parkinsonism
MONDO:0034954	syndromic vitreoretinopathy
MONDO:0034971	isolated congenital entropion
MONDO:0034976	iatrogenic Creutzfeldt-Jakob disease
MONDO:0034987	intraductal tubulopapillary neoplasm of pancreas
MONDO:0034989	intellectual disability-cardiac anomalies-short stature-joint laxity syndrome
MONDO:0034991	intrauterine growth restriction-congenital multiple caf-au-lait macules-increased sister chromatid exchange syndrome
MONDO:0035002	isolated inherited retinal disorder
MONDO:0035004	serine biosynthesis pathway deficiency, infantile/juvenile form
MONDO:0035008	isolated splenic vein thrombosis
MONDO:0035009	isolated mesenteric vein thrombosis
MONDO:0035014	primary orthostatic disorder
MONDO:0035018	frontonasal dysplasia-bifid nose-upper limb anomalies syndrome
MONDO:0035027	microcephaly-facial dysmorphism-ocular anomalies-multiple congenital anomalies syndrome
MONDO:0035075	secondary early-onset glaucoma of genetic origin
MONDO:0035105	diaphragmatic hernia-short bowel-asplenia syndrome
MONDO:0035117	PUM1-associated developmental disability-ataxia-seizure syndrome
MONDO:0035122	GRIN2B-related developmental delay, intellectual disability and autism spectrum disorder
MONDO:0035124	linear hypopigmentation and craniofacial asymmetry with acral, ocular and brain anomalies
MONDO:0035136	isolated melanotic schwannoma
MONDO:0035151	17q24.2 microdeletion syndrome
MONDO:0035162	PIK3CA-related overgrowth syndrome
MONDO:0035337	Duane retraction syndrome with congenital deafness
MONDO:0035344	acute bilirubin encephalopathy
MONDO:0035345	chronic bilirubin encephalopathy
MONDO:0035349	localized dystrophic epidermolysis bullosa
MONDO:0035350	letrozole toxicity
MONDO:0035357	portosinusoidal vascular disease
MONDO:0035362	TRIM22-related inflammatory bowel disease
MONDO:0035370	ALPI-related inflammatory bowel disease
MONDO:0035375	multisystem inflammatory syndrome in children and adults
MONDO:0035449	atelencephaly
MONDO:0035450	aprosencephaly
MONDO:0035452	mueller-weiss syndrome
MONDO:0035454	B-cell immunodeficiency-limb anomaly-urogenital malformation syndrome
MONDO:0035472	GJC2-related late-onset primary lymphedema
MONDO:0035473	warts-immunodeficiency-lymphedema-anogenital dysplasia syndrome
MONDO:0035474	PIEZO1-related generalized lymphatic dysplasia with non-immune hydrops fetalis
MONDO:0035475	EPHB4-related lymphatic-related hydrops fetalis
MONDO:0035499	CELSR1-related late-onset primary lymphedema
MONDO:0035500	congenital primary lymphedema of Gordon
MONDO:0035521	blepharophimosis-ptosis-epicanthus inversus syndrome plus
MONDO:0035529	infantile-onset pulmonary alveolar proteinosis-hypogammaglobulinemia
MONDO:0035534	DONSON-related microcephaly-short stature-limb abnormalities spectrum
MONDO:0035561	sporadic human prion disease
MONDO:0035562	acquired human prion disease
MONDO:0035645	inherited gynecological cancer-predisposing syndrome
MONDO:0035651	choanal atresia-athelia-hypothyroidism-delayed puberty-short stature syndrome
MONDO:0035661	TRAF7-associated heart defect-digital anomalies-facial dysmorphism-motor and speech delay syndrome
MONDO:0035667	isolated optic neuritis without anti-MOG antibodies
MONDO:0035668	isolated optic neuritis with anti-MOG antibodies
MONDO:0035682	fibrous dysplasia/McCune-Albright syndrome
MONDO:0035684	epidermolysis bullosa simplex without extracutaneous involvement
MONDO:0035685	epidermolysis bullosa simplex with extracutaneous involvement
MONDO:0035689	syndrome of reduced sensitivity to thyroid hormone
MONDO:0035694	combined immunodeficiency due to RELA haploinsufficiency
MONDO:0035706	SETD2-related microcephaly-severe intellectual disability-multiple congenital anomalies syndrome
MONDO:0035707	blepharophimosis-intellectual disability syndrome/genitopatellar overlap syndrome
MONDO:0035713	FOXG1 syndrome due to intragenic alteration
MONDO:0035734	hereditary angioedema with normal C1inh not related to F12 or PLG variant
MONDO:0035736	acquired hemophilia B
MONDO:0035737	acquired factor V deficiency
MONDO:0035738	acquired factor VII deficiency
MONDO:0035740	acquired factor XI deficiency
MONDO:0035742	factor V short isoforms-related bleeding disorder
MONDO:0035743	factor V amsterdam bleeding disorder
MONDO:0035759	factor V atlanta bleeding disorder
MONDO:0035763	idiopathic non-lupus full-house nephropathy
MONDO:0035764	idiopathic steroid-sensitive nephrotic syndrome with secondary steroid resistance
MONDO:0035774	NRXN1-related severe neurodevelopmental disorder-motor stereotypies-chronic constipation-sleep-wake cycle disturbance
MONDO:0035775	CCNK-related neurodevelopmental disorder-severe intellectual disability-facial dysmorphism syndrome
MONDO:0035776	combined deficiency of factor VII and factor X
MONDO:0035777	parenteral nutrition-associated cholestasis
MONDO:0035782	non-syndromic anorectal malformation with rectourethral fistula, bulbar type
MONDO:0035783	non-syndromic anorectal malformation with rectourethral fistula, prostatic type
MONDO:0035821	isolated female hypospadias
MONDO:0035823	KLHL7-related Bohring-Opitz-like syndrome
MONDO:0035824	KLHL7-related cold-induced sweating-like syndrome
MONDO:0035826	symptomatic form of x-linked centronuclear myopathy in female carriers
MONDO:0035838	idiopathic multicentric Castleman disease
MONDO:0035875	ivermectin toxicity
MONDO:0035876	belinostat toxicity or dose selection
MONDO:0035882	chronic intervillositis of unknown etiology
MONDO:0035892	Mills syndrome
MONDO:0035930	neu-laxova syndrome due to 3-phosphoserine phosphatase deficiency
MONDO:0036025	toxicity to dolutegravir
MONDO:0036042	KAT6B-related multiple congenital anomalies syndrome
MONDO:0036045	euthyroid dysprealbuminemic hyperthyroxinemia
MONDO:0036189	oculogastrointestinal-neurodevelopmental syndrome
MONDO:0036192	EN1-related dorsoventral syndrome
MONDO:0036212	spastic paraparesis-cataracts-speech delay syndrome
MONDO:0036217	lethal pontocerebellar hypoplasia-hypotonia-respiratory insufficiency syndrome due to a point mutation
MONDO:0036218	lethal pontocerebellar hypoplasia-hypotonia-respiratory insufficiency syndrome due to biallelic deletions in the ATAD3 gene cluster
MONDO:0036918	punctate acrokeratoderma freckle-like pigmentation
MONDO:0037149	HSD10 disease, atypical type
MONDO:0037398	pneumonia caused by pseudomonas aeruginosa infection
MONDO:0038268	autoimmune neurological channelopathy
MONDO:0043009	genetic lethal multiple congenital anomalies/dysmorphic syndrome
MONDO:0044200	T-B+ severe combined immunodeficiency
MONDO:0044201	T+ B+ severe combined immunodeficiency
MONDO:0044332	childhood-onset benign chorea with striatal involvement
MONDO:0044617	X-linked keloid scarring-reduced joint mobility-increased optic cup-to-disc ratio syndrome
MONDO:0044618	CLCN4-related X-linked intellectual disability syndrome
MONDO:0044619	propylthiouracil embryofetopathy
MONDO:0044621	16p12.1p12.3 triplication syndrome
MONDO:0044622	EMILIN-1-related connective tissue disease
MONDO:0044624	pediatric collagenous gastritis
MONDO:0044625	autosomal dominant charcot-marie-tooth disease type 2 due to DGAT2 mutation
MONDO:0044627	acute macular neuroretinopathy
MONDO:0044628	six2-related frontonasal dysplasia
MONDO:0044629	congenital amyoplasia
MONDO:0044632	extracranial carotid artery aneurysm
MONDO:0044633	idiopathic pleuroparenchymal fibroelastosis
MONDO:0044641	9q33.3q34.11 microdeletion syndrome
MONDO:0044643	congenital labioscrotal agenesis-cerebellar malformation-corneal dystrophy-facial dysmorphism syndrome
MONDO:0044644	congenital agenesis of the scrotum
MONDO:0044645	familial monosomy 7 syndrome
MONDO:0044648	kyphoscoliosis-lateral tongue atrophy-hereditary spastic paraplegia syndrome
MONDO:0044655	c12orf65-related combined oxidative phosphorylation defect
MONDO:0044675	LRP5-related primary osteoporosis
MONDO:0044682	MYBPC1-related autosomal recessive non-lethal arthrogryposis multiplex congenita syndrome
MONDO:0044683	limbic encephalitis with neurexin-3 antibodies
MONDO:0044685	autoimmune/inflammatory optic neuropathy
MONDO:0044687	chronic relapsing inflammatory optic neuropathy
MONDO:0044688	isolated optic neuritis
MONDO:0044689	recurrent idiopathic neuroretinitis
MONDO:0044699	SIN3A-related intellectual disability syndrome
MONDO:0044709	cochleovestibular dysplasia
MONDO:0044715	metopic ridging-ptosis-facial dysmorphism syndrome
MONDO:0044717	4q25 proximal deletion syndrome
MONDO:0044737	autosomal recessive complex spastic paraplegia due to kennedy pathway dysfunction
MONDO:0044739	Stevens-Johnson syndrome/toxic epidermal necrolysis overlap syndrome
MONDO:0044742	autosomal recessive epidermolytic ichthyosis
MONDO:0100076	juvenile idiopathic scoliosis
MONDO:0100147	SATB2 associated disorder
MONDO:0100161	hyperkalemic renal tubular acidosis
MONDO:0100189	apolipoprotein A-I deficiency
MONDO:0100343	antenatal Bartter syndrome
MONDO:0100367	port-wine nevi-mega cisterna magna-hydrocephalus syndrome
MONDO:0100501	body-stalk anomaly
MONDO:0800075	dysostosis with predominant vertebral with and without costal involvement
MONDO:0800085	dysostosis with predominant craniofacial involvement
MONDO:0800086	primary bone dysplasia with multiple joint dislocations
MONDO:0800087	type 11 collagen-related bone disorder
MONDO:0800089	primary bone dysplasia with disorganized development of skeletal components
MONDO:0800090	ectrodactyly with and without other manifestations
MONDO:0800091	overgrowth or tall stature syndrome with skeletal involvement
MONDO:0800092	genetic inflammatory or rheumatoid-like osteoarthropathy
MONDO:0800093	dysostosis with brachydactyly without extraskeletal manifestations
MONDO:0800094	dysostosis with brachydactyly with extraskeletal manifestations
